name,code,phone,capital
afghanistan,AF,93,Kabul
albania,AL,355,Tirana
algeria,DZ,213,Algiers
american samoa,AS,1-684,Pago Pago
andorra,AD,376,Andorra la Vella
angola,AO,244,Luanda
anguilla,AI,1-264,The Valley
antigua and barbuda,AG,1-268,St. John's
argentina,AR,54,Buenos Aires
armenia,AM,374,Yerevan
aruba,AW,297,Oranjestad
australia,AU,61,Canberra
austria,AT,43,Vienna
azerbaijan,AZ,994,Baku
bahamas,BS,1-242,Nassau
bahrain,BH,973,Manama
bangladesh,BD,880,Dhaka
barbados,BB,1-246,Bridgetown
belarus,BY,375,Minsk
belgium,BE,32,Brussels
belize,BZ,501,Belmopan
benin,BJ,229,Porto-Novo
bermuda,BM,1-441,Hamilton
bhutan,BT,975,Thimphu
bolivia,BO,591,Sucre
bosnia and herzegovina,BA,387,Sarajevo
botswana,BW,267,Gaborone
brazil,BR,55,Brasilia
british virgin islands,VG,1-284,Road Town
brunei darussalam,BN,673,Bandar Seri Begawan
bulgaria,BG,359,Sofia
burkina faso,BF,226,Ouagadougou
burundi,BI,257,Bujumbura
cambodia,KH,855,Phnom Penh
cameroon,CM,237,Yaounde
canada,CA,1,Ottawa
cape verde,CV,238,Praia
cayman islands,KY,1-345,George Town
central african republic,CF,236,Bangui
chad,TD,235,N'Djamena
chile,CL,56,Santiago
china,CN,86,Beijing
colombia,CO,57,Bogota
comoros,KM,269,Moroni
congo,CG,242,Brazzaville
democratic republic of the congo,CD,243,Kinshasa
cook islands,CK,682,Avarua
costa rica,CR,506,San Jose
croatia,HR,385,Zagreb
cuba,CU,53,Havana
curaã§ao,CW,599,Willemstad
cyprus,CY,357,Nicosia
czech republic,CZ,420,Prague
denmark,DK,45,Copenhagen
djibouti,DJ,253,Djibouti
dominica,DM,1-767,Roseau
dominican republic,DO,"1-809,1-829,1-849",Santo Domingo
ecuador,EC,593,Quito
egypt,EG,20,Cairo
el salvador,SV,503,San Salvador
equatorial guinea,GQ,240,Malabo
eritrea,ER,291,Asmara
estonia,EE,372,Tallinn
ethiopia,ET,251,Addis Ababa
falkland islands (malvinas),FK,500,Stanley
faroe islands,FO,298,Torshavn
fiji,FJ,679,Suva
finland,FI,358,Helsinki
france,FR,33,Paris
french guiana,GF,594,Cayenne
french polynesia,PF,689,Papeete
gabon,GA,241,Libreville
gambia,GM,220,Banjul
georgia,GE,995,Tbilisi
germany,DE,49,Berlin
ghana,GH,233,Accra
gibraltar,GI,350,Gibraltar
greece,GR,30,Athens
greenland,GL,299,Nuuk
grenada,GD,1-473,St. George's
guadeloupe,GP,590,Basse-Terre
guam,GU,1-671,Hagatna
guatemala,GT,502,Guatemala City
guernsey,GG,44,St Peter Port
guinea,GN,224,Conakry
guinea-bissau,GW,245,Bissau
guyana,GY,592,Georgetown
haiti,HT,509,Port-au-Prince
honduras,HN,504,Tegucigalpa
"china, hong kong special administrative region",HK,852,Hong Kong
hungary,HU,36,Budapest
iceland,IS,354,Reykjavik
india,IN,91,New Delhi
indonesia,ID,62,Jakarta
iran,IR,98,Tehran
iraq,IQ,964,Baghdad
ireland,IE,353,Dublin
isle of man,IM,44,Douglas
israel,IL,972,Jerusalem
italy,IT,39,Rome
ivory coast,CI,225,Yamoussoukro
jamaica,JM,1-876,Kingston
japan,JP,81,Tokyo
jersey,JE,44,Saint Helier
jordan,JO,962,Amman
kazakhstan,KZ,7,Astana
kenya,KE,254,Nairobi
kiribati,KI,686,Tarawa
kosovo,XK,383,Pristina
kuwait,KW,965,Kuwait City
kyrgyzstan,KG,996,Bishkek
laos,LA,856,Vientiane
latvia,LV,371,Riga
lebanon,LB,961,Beirut
lesotho,LS,266,Maseru
liberia,LR,231,Monrovia
libya,LY,218,Tripoli
liechtenstein,LI,423,Vaduz
lithuania,LT,370,Vilnius
luxembourg,LU,352,Luxembourg
"china, macao special administrative region",MO,853,Macao
macedonia,MK,389,Skopje
madagascar,MG,261,Antananarivo
malawi,MW,265,Lilongwe
malaysia,MY,60,Kuala Lumpur
maldives,MV,960,Male
mali,ML,223,Bamako
malta,MT,356,Valletta
marshall islands,MH,692,Majuro
martinique,MQ,596,Fort-de-France
mauritania,MR,222,Nouakchott
mauritius,MU,230,Port Louis
mayotte,YT,262,Mamoudzou
mexico,MX,52,Mexico City
micronesia (federated states of),FM,691,Palikir
republic of moldova,MD,373,Chisinau
monaco,MC,377,Monaco
mongolia,MN,976,Ulan Bator
montenegro,ME,382,Podgorica
montserrat,MS,1-664,Plymouth
morocco,MA,212,Rabat
mozambique,MZ,258,Maputo
myanmar,MM,95,Nay Pyi Taw
namibia,,264,Windhoek
nauru,NR,674,Yaren
nepal,NP,977,Kathmandu
netherlands,NL,31,Amsterdam
new caledonia,NC,687,Noumea
new zealand,NZ,64,Wellington
nicaragua,NI,505,Managua
niger,NE,227,Niamey
nigeria,NG,234,Abuja
niue,NU,683,Alofi
norfolk island,NF,672,Kingston
south korea,KP,850,Pyongyang
northern mariana islands,MP,1-670,Saipan
norway,NO,47,Oslo
oman,OM,968,Muscat
pakistan,PK,92,Islamabad
palau,PW,680,Melekeok
palestinian territory,PS,970,East Jerusalem
panama,PA,507,Panama City
papua new guinea,PG,675,Port Moresby
paraguay,PY,595,Asuncion
peru,PE,51,Lima
philippines,PH,63,Manila
pitcairn,PN,870,Adamstown
poland,PL,48,Warsaw
portugal,PT,351,Lisbon
puerto rico,PR,1,San Juan
qatar,QA,974,Doha
romania,RO,40,Bucharest
russia,RU,7,Moscow
rwanda,RW,250,Kigali
rã©union,RE,262,Saint-Denis
samoa,WS,685,Apia
san marino,SM,378,San Marino
saudi arabia,SA,966,Riyadh
senegal,SN,221,Dakar
serbia,RS,381 p,Belgrade
seychelles,SC,248,Victoria
sierra leone,SL,232,Freetown
singapore,SG,65,Singapore
sint maarten (dutch part),SX,1-721,Philipsburg
slovakia,SK,421,Bratislava
slovenia,SI,386,Ljubljana
solomon islands,SB,677,Honiara
somalia,SO,252,Mogadishu
south africa,ZA,27,Pretoria
republic of korea,KR,82,Seoul
south sudan,SS,211,Juba
spain,ES,34,Madrid
sri lanka,LK,94,Colombo
saint barthã©lemy,BL,590,Gustavia
saint helena,SH,290 n,Jamestown
saint kitts and nevis,KN,1-869,Basseterre
saint lucia,LC,1-758,Castries
saint martin (french part),MF,590,Marigot
saint pierre and miquelon,PM,508,Saint-Pierre
saint vincent and the grenadines,VC,1-784,Kingstown
sudan,SD,249,Khartoum
suriname,SR,597,Paramaribo
svalbard and jan mayen islands,SJ,47,Longyearbyen
swaziland,SZ,268,Mbabane
sweden,SE,46,Stockholm
switzerland,CH,41,Bern
syria,SY,963,Damascus
sao tome and principe,ST,239,Sao Tome
taiwan,TW,886,Taipei
tajikistan,TJ,992,Dushanbe
tanzania,TZ,255,Dodoma
thailand,TH,66,Bangkok
timor-leste,TL,670,Dili
togo,TG,228,Lome
tonga,TO,676,Nuku'alofa
trinidad and tobago,TT,1-868,Port of Spain
tunisia,TN,216,Tunis
turkey,TR,90,Ankara
turkmenistan,TM,993,Ashgabat
turks and caicos islands,TC,1-649,Cockburn Town
tuvalu,TV,688,Funafuti
united kingdom,GB,44,London
united states,US,1,Washington
uganda,UG,256,Kampala
ukraine,UA,380,Kiev
united arab emirates,AE,971,Abu Dhabi
uruguay,UY,598,Montevideo
uzbekistan,UZ,998,Tashkent
vanuatu,VU,678,Port Vila
holy see,VA,39-06,Vatican City
venezuela,VE,58,Caracas
vietnam,VN,84,Hanoi
wallis and futuna islands,WF,681,Mata Utu
western sahara,EH,212,El-Aaiun
yemen,YE,967,Sanaa
zambia,ZM,260,Lusaka
zimbabwe,ZW,263,Harare
ãƒland islands,AX,358,Mariehamn
